Time,BLOCCO1:ZONA3:WINTER DESIGN DAY IN SENZA TITOLO (O1-O1:31-12):Des Heat Load [W],BLOCCO1:ZONA3:SUMMER DESIGN DAY IN SENZA TITOLO (O1-O1:31-12) JUN:Des Sens Cool Load [W],BLOCCO1:ZONA3:WINTER DESIGN DAY IN SENZA TITOLO (O1-O1:31-12):Des Heat Mass Flow [kg/s],BLOCCO1:ZONA3:SUMMER DESIGN DAY IN SENZA TITOLO (O1-O1:31-12) JUN:Des Cool Mass Flow [kg/s],BLOCCO1:ZONA1:WINTER DESIGN DAY IN SENZA TITOLO (O1-O1:31-12):Des Heat Load [W],BLOCCO1:ZONA1:SUMMER DESIGN DAY IN SENZA TITOLO (O1-O1:31-12) JUN:Des Sens Cool Load [W],BLOCCO1:ZONA1:WINTER DESIGN DAY IN SENZA TITOLO (O1-O1:31-12):Des Heat Mass Flow [kg/s],BLOCCO1:ZONA1:SUMMER DESIGN DAY IN SENZA TITOLO (O1-O1:31-12) JUN:Des Cool Mass Flow [kg/s],BLOCCO1:ZONA2:WINTER DESIGN DAY IN SENZA TITOLO (O1-O1:31-12):Des Heat Load [W],BLOCCO1:ZONA2:SUMMER DESIGN DAY IN SENZA TITOLO (O1-O1:31-12) JUN:Des Sens Cool Load [W],BLOCCO1:ZONA2:WINTER DESIGN DAY IN SENZA TITOLO (O1-O1:31-12):Des Heat Mass Flow [kg/s],BLOCCO1:ZONA2:SUMMER DESIGN DAY IN SENZA TITOLO (O1-O1:31-12) JUN:Des Cool Mass Flow [kg/s]
00:10:00,1.667226E+03,0.000000E+00,1.074193E-01,0.000000E+00,3.486848E+02,4.780538E+01,1.982533E-02,3.350451E-03,1.339369E+03,0.000000E+00,7.614330E-02,0.000000E+00
00:20:00,1.667226E+03,0.000000E+00,1.074193E-01,0.000000E+00,3.486847E+02,4.366647E+01,1.982532E-02,3.060374E-03,1.339369E+03,0.000000E+00,7.614327E-02,0.000000E+00
00:30:00,1.667225E+03,0.000000E+00,1.074193E-01,0.000000E+00,3.486845E+02,3.956627E+01,1.982532E-02,2.773009E-03,1.339368E+03,0.000000E+00,7.614324E-02,0.000000E+00
00:40:00,1.667225E+03,0.000000E+00,1.074192E-01,0.000000E+00,3.486844E+02,3.550596E+01,1.982531E-02,2.488444E-03,1.339368E+03,0.000000E+00,7.614322E-02,0.000000E+00
00:50:00,1.667224E+03,0.000000E+00,1.074192E-01,0.000000E+00,3.486843E+02,3.149722E+01,1.982530E-02,2.207492E-03,1.339367E+03,0.000000E+00,7.614319E-02,0.000000E+00
01:00:00,1.667224E+03,0.000000E+00,1.074192E-01,0.000000E+00,3.486842E+02,2.754283E+01,1.982530E-02,1.930349E-03,1.339367E+03,0.000000E+00,7.614316E-02,0.000000E+00
01:10:00,1.667224E+03,0.000000E+00,1.074192E-01,0.000000E+00,3.486842E+02,2.366761E+01,1.982530E-02,1.658755E-03,1.339367E+03,0.000000E+00,7.614316E-02,0.000000E+00
01:20:00,1.667224E+03,0.000000E+00,1.074192E-01,0.000000E+00,3.486843E+02,1.987235E+01,1.982530E-02,1.392763E-03,1.339367E+03,0.000000E+00,7.614317E-02,0.000000E+00
01:30:00,1.667224E+03,5.648314E+01,1.074192E-01,3.979267E-03,3.486843E+02,1.615985E+01,1.982530E-02,1.132572E-03,1.339367E+03,0.000000E+00,7.614317E-02,0.000000E+00
01:40:00,1.667224E+03,1.219538E+02,1.074192E-01,8.595289E-03,3.486843E+02,1.253136E+01,1.982530E-02,8.782681E-04,1.339367E+03,0.000000E+00,7.614317E-02,0.000000E+00
01:50:00,1.667224E+03,1.956882E+02,1.074192E-01,1.377028E-02,3.486843E+02,9.016956E+00,1.982530E-02,6.319586E-04,1.339367E+03,0.000000E+00,7.614317E-02,0.000000E+00
02:00:00,1.667224E+03,2.757960E+02,1.074192E-01,1.938453E-02,3.486843E+02,6.053785E+00,1.982530E-02,4.242830E-04,1.339367E+03,0.000000E+00,7.614318E-02,0.000000E+00
02:10:00,1.667224E+03,3.565945E+02,1.074192E-01,2.504712E-02,3.486843E+02,3.687829E+00,1.982530E-02,2.584635E-04,1.339367E+03,0.000000E+00,7.614318E-02,0.000000E+00
02:20:00,1.667224E+03,4.372214E+02,1.074192E-01,3.069771E-02,3.486843E+02,1.911117E+00,1.982530E-02,1.339414E-04,1.339367E+03,0.000000E+00,7.614318E-02,0.000000E+00
02:30:00,1.667224E+03,4.606986E+02,1.074192E-01,3.232237E-02,3.486843E+02,7.145001E-01,1.982530E-02,5.007521E-05,1.339367E+03,0.000000E+00,7.614318E-02,0.000000E+00
02:40:00,1.667224E+03,4.744623E+02,1.074192E-01,3.325945E-02,3.486843E+02,8.991256E-02,1.982530E-02,6.300309E-06,1.339367E+03,0.000000E+00,7.614319E-02,0.000000E+00
02:50:00,1.667224E+03,4.791944E+02,1.074192E-01,3.358378E-02,3.486843E+02,0.000000E+00,1.982530E-02,0.000000E+00,1.339367E+03,0.000000E+00,7.614319E-02,0.000000E+00
03:00:00,1.667225E+03,4.767509E+02,1.074192E-01,3.341266E-02,3.486844E+02,0.000000E+00,1.982530E-02,0.000000E+00,1.339367E+03,0.000000E+00,7.614319E-02,0.000000E+00
03:10:00,1.667225E+03,4.727871E+02,1.074192E-01,3.313506E-02,3.486844E+02,0.000000E+00,1.982530E-02,0.000000E+00,1.339367E+03,0.000000E+00,7.614319E-02,0.000000E+00
03:20:00,1.667225E+03,4.681373E+02,1.074192E-01,3.280938E-02,3.486844E+02,0.000000E+00,1.982531E-02,0.000000E+00,1.339367E+03,0.000000E+00,7.614320E-02,0.000000E+00
03:30:00,1.667225E+03,4.628489E+02,1.074192E-01,3.243889E-02,3.486844E+02,0.000000E+00,1.982531E-02,0.000000E+00,1.339367E+03,0.000000E+00,7.614320E-02,0.000000E+00
03:40:00,1.667225E+03,4.545960E+02,1.074192E-01,3.186058E-02,3.486844E+02,0.000000E+00,1.982531E-02,0.000000E+00,1.339367E+03,0.000000E+00,7.614320E-02,0.000000E+00
03:50:00,1.667225E+03,4.387760E+02,1.074192E-01,3.075189E-02,3.486844E+02,0.000000E+00,1.982531E-02,0.000000E+00,1.339367E+03,0.000000E+00,7.614320E-02,0.000000E+00
04:00:00,1.667225E+03,4.136482E+02,1.074192E-01,2.899084E-02,3.486844E+02,0.000000E+00,1.982531E-02,0.000000E+00,1.339367E+03,0.000000E+00,7.614321E-02,0.000000E+00
04:10:00,1.667225E+03,3.909875E+02,1.074192E-01,2.740268E-02,3.486844E+02,0.000000E+00,1.982531E-02,0.000000E+00,1.339367E+03,0.000000E+00,7.614321E-02,0.000000E+00
04:20:00,1.667225E+03,3.722437E+02,1.074192E-01,2.608903E-02,3.486844E+02,0.000000E+00,1.982531E-02,0.000000E+00,1.339367E+03,0.000000E+00,7.614321E-02,0.000000E+00
04:30:00,1.667225E+03,3.580015E+02,1.074192E-01,2.509087E-02,3.486844E+02,1.416813E+00,1.982531E-02,9.963831E-05,1.339367E+03,0.000000E+00,7.614321E-02,0.000000E+00
04:40:00,1.667225E+03,3.510444E+02,1.074192E-01,2.460329E-02,3.486844E+02,4.418027E+00,1.982531E-02,3.099843E-04,1.339368E+03,0.000000E+00,7.614322E-02,0.000000E+00
04:50:00,1.667225E+03,3.563827E+02,1.074192E-01,2.497744E-02,3.486844E+02,8.980894E+00,1.982531E-02,6.297742E-04,1.339368E+03,0.000000E+00,7.614322E-02,0.000000E+00
05:00:00,1.667225E+03,3.761029E+02,1.074192E-01,2.635955E-02,3.486845E+02,1.554103E+01,1.982531E-02,1.089540E-03,1.339368E+03,2.964106E+00,7.614322E-02,2.096107E-04
05:10:00,1.667225E+03,3.991288E+02,1.074192E-01,2.797334E-02,3.486845E+02,2.460702E+01,1.982531E-02,1.724925E-03,1.339368E+03,1.361130E+01,7.614322E-02,9.558536E-04
05:20:00,1.667225E+03,4.241213E+02,1.074192E-01,2.972496E-02,3.486845E+02,3.592010E+01,1.982531E-02,2.517791E-03,1.339368E+03,2.696255E+01,7.614322E-02,1.891582E-03
05:30:00,1.667225E+03,4.511851E+02,1.074192E-01,3.162176E-02,3.486845E+02,4.815877E+01,1.982531E-02,3.375179E-03,1.339368E+03,4.608623E+01,7.614323E-02,3.231869E-03
05:40:00,1.667225E+03,4.801183E+02,1.074192E-01,3.364957E-02,3.486845E+02,6.122475E+01,1.982531E-02,4.290879E-03,1.339368E+03,7.003895E+01,7.614323E-02,4.910595E-03
05:50:00,1.667225E+03,5.107704E+02,1.074192E-01,3.579785E-02,3.486845E+02,7.521983E+01,1.982531E-02,5.271697E-03,1.339368E+03,9.867115E+01,7.614323E-02,6.917276E-03
06:00:00,1.667225E+03,5.429860E+02,1.074192E-01,3.805571E-02,3.486845E+02,8.976080E+01,1.982531E-02,6.290774E-03,1.339368E+03,1.288421E+02,7.614323E-02,9.029925E-03
06:10:00,1.667225E+03,5.766703E+02,1.074192E-01,4.041651E-02,3.486845E+02,1.056080E+02,1.982531E-02,7.401404E-03,1.339368E+03,1.590911E+02,7.614323E-02,1.114987E-02
06:20:00,1.667225E+03,6.118245E+02,1.074193E-01,4.288032E-02,3.486845E+02,1.219217E+02,1.982531E-02,8.544729E-03,1.339368E+03,1.912553E+02,7.614324E-02,1.340407E-02
06:30:00,1.667225E+03,6.482660E+02,1.074193E-01,4.543436E-02,3.486845E+02,1.386035E+02,1.982531E-02,9.713863E-03,1.339368E+03,2.221817E+02,7.614324E-02,1.557150E-02
06:40:00,1.667225E+03,6.858246E+02,1.074193E-01,4.806669E-02,3.486845E+02,1.555699E+02,1.982531E-02,1.090298E-02,1.339368E+03,2.527933E+02,7.614324E-02,1.771688E-02
06:50:00,1.667225E+03,7.242783E+02,1.074193E-01,5.076176E-02,3.486845E+02,1.727124E+02,1.982531E-02,1.210446E-02,1.339368E+03,2.832665E+02,7.614324E-02,1.985255E-02
07:00:00,1.667225E+03,7.634287E+02,1.074193E-01,5.350566E-02,3.486845E+02,1.899324E+02,1.982531E-02,1.331139E-02,1.339368E+03,3.138407E+02,7.614324E-02,2.199530E-02
07:10:00,1.667225E+03,6.525446E+02,1.074193E-01,4.573423E-02,3.486845E+02,1.650192E+02,1.982532E-02,1.156537E-02,1.339368E+03,3.022898E+02,7.614324E-02,2.118578E-02
07:20:00,1.667225E+03,5.351645E+02,1.074193E-01,3.750754E-02,3.486846E+02,1.373924E+02,1.982532E-02,9.629183E-03,1.339368E+03,2.932267E+02,7.614325E-02,2.055065E-02
07:30:00,1.667226E+03,4.112295E+02,1.074193E-01,2.882143E-02,3.486846E+02,1.070552E+02,1.982532E-02,7.503022E-03,1.339368E+03,2.867433E+02,7.614325E-02,2.009628E-02
07:40:00,1.667226E+03,2.807132E+02,1.074193E-01,1.967406E-02,3.486846E+02,8.017112E+01,1.982532E-02,5.618826E-03,1.339368E+03,2.826921E+02,7.614325E-02,1.981236E-02
07:50:00,1.667226E+03,1.436228E+02,1.074193E-01,1.006594E-02,3.486846E+02,5.301419E+01,1.982532E-02,3.715513E-03,1.339368E+03,2.808325E+02,7.614325E-02,1.968200E-02
08:00:00,1.667226E+03,0.000000E+00,1.074193E-01,0.000000E+00,3.486846E+02,2.769178E+01,1.982532E-02,1.940750E-03,1.339368E+03,2.809488E+02,7.614325E-02,1.969009E-02
08:10:00,1.667226E+03,0.000000E+00,1.074193E-01,0.000000E+00,3.486846E+02,7.228579E+01,1.982532E-02,5.066079E-03,1.339368E+03,3.505900E+02,7.614325E-02,2.457069E-02
08:20:00,1.667226E+03,9.826704E+00,1.074193E-01,6.959806E-04,3.486846E+02,1.193225E+02,1.982532E-02,8.362370E-03,1.339368E+03,4.177048E+02,7.614326E-02,2.927400E-02
08:30:00,1.667226E+03,4.234687E+01,1.074193E-01,2.975314E-03,3.486846E+02,1.686474E+02,1.982532E-02,1.181905E-02,1.339368E+03,4.820196E+02,7.614326E-02,3.378113E-02
08:40:00,1.667226E+03,9.004535E+01,1.074193E-01,6.318255E-03,3.486846E+02,2.139814E+02,1.982532E-02,1.499610E-02,1.339368E+03,5.434541E+02,7.614326E-02,3.808649E-02
08:50:00,1.667226E+03,1.579573E+02,1.074193E-01,1.107781E-02,3.486846E+02,2.589319E+02,1.982532E-02,1.814630E-02,1.339368E+03,6.019424E+02,7.614326E-02,4.218546E-02
09:00:00,1.667226E+03,2.445567E+02,1.074193E-01,1.714700E-02,3.486846E+02,3.012845E+02,1.982532E-02,2.111445E-02,1.339368E+03,6.573493E+02,7.614326E-02,4.606856E-02
09:10:00,1.667226E+03,3.482908E+02,1.074193E-01,2.441699E-02,3.486846E+02,3.192623E+02,1.982532E-02,2.237431E-02,1.339368E+03,6.762442E+02,7.614326E-02,4.739284E-02
09:20:00,1.667226E+03,4.590556E+02,1.074193E-01,3.217237E-02,3.486846E+02,3.357535E+02,1.982532E-02,2.353019E-02,1.339368E+03,6.932288E+02,7.614326E-02,4.858346E-02
09:30:00,1.667226E+03,5.636676E+02,1.074193E-01,3.950354E-02,3.486846E+02,3.507413E+02,1.982532E-02,2.458072E-02,1.339368E+03,7.082706E+02,7.614327E-02,4.963789E-02
09:40:00,1.667226E+03,6.692849E+02,1.074193E-01,4.690523E-02,3.486846E+02,3.641742E+02,1.982532E-02,2.552226E-02,1.339368E+03,7.212799E+02,7.614327E-02,5.054982E-02
09:50:00,1.667226E+03,7.704741E+02,1.074193E-01,5.399651E-02,3.486846E+02,3.760097E+02,1.982532E-02,2.635185E-02,1.339368E+03,7.321782E+02,7.614327E-02,5.131373E-02
10:00:00,1.667226E+03,8.683213E+02,1.074193E-01,6.085354E-02,3.486846E+02,3.862017E+02,1.982532E-02,2.706624E-02,1.339368E+03,7.408782E+02,7.614327E-02,5.192354E-02
10:10:00,1.667226E+03,9.617980E+02,1.074193E-01,6.740423E-02,3.486846E+02,3.889738E+02,1.982532E-02,2.726063E-02,1.339369E+03,7.516117E+02,7.614327E-02,5.267583E-02
10:20:00,1.667226E+03,1.051278E+03,1.074193E-01,7.367479E-02,3.486847E+02,3.905120E+02,1.982532E-02,2.736859E-02,1.339369E+03,7.600933E+02,7.614327E-02,5.327028E-02
10:30:00,1.667226E+03,1.200163E+03,1.074193E-01,8.410848E-02,3.486847E+02,3.908011E+02,1.982532E-02,2.738896E-02,1.339369E+03,7.662460E+02,7.614327E-02,5.370150E-02
10:40:00,1.667226E+03,1.336690E+03,1.074193E-01,9.367532E-02,3.486847E+02,3.898307E+02,1.982532E-02,2.732100E-02,1.339369E+03,7.700334E+02,7.614327E-02,5.396696E-02
10:50:00,1.667226E+03,1.460681E+03,1.074193E-01,1.023642E-01,3.486847E+02,3.876133E+02,1.982532E-02,2.716562E-02,1.339369E+03,7.714618E+02,7.614328E-02,5.406708E-02
11:00:00,1.667226E+03,1.572154E+03,1.074193E-01,1.101767E-01,3.486847E+02,3.841947E+02,1.982532E-02,2.692603E-02,1.339369E+03,7.706043E+02,7.614328E-02,5.400700E-02
11:10:00,1.667226E+03,1.672867E+03,1.074193E-01,1.172359E-01,3.486847E+02,3.797804E+02,1.982532E-02,2.661667E-02,1.339369E+03,7.675529E+02,7.614328E-02,5.379316E-02
11:20:00,1.667226E+03,1.762423E+03,1.074193E-01,1.235135E-01,3.486847E+02,3.743760E+02,1.982532E-02,2.623790E-02,1.339369E+03,7.624192E+02,7.614328E-02,5.343338E-02
11:30:00,1.667226E+03,1.777551E+03,1.074193E-01,1.245754E-01,3.486847E+02,3.681479E+02,1.982532E-02,2.580142E-02,1.339369E+03,7.555311E+02,7.614328E-02,5.295064E-02
11:40:00,1.667226E+03,1.790308E+03,1.074193E-01,1.254720E-01,3.486847E+02,3.613239E+02,1.982532E-02,2.532317E-02,1.339369E+03,7.473288E+02,7.614328E-02,5.237581E-02
11:50:00,1.667226E+03,1.801334E+03,1.074193E-01,1.262467E-01,3.486847E+02,3.541746E+02,1.982532E-02,2.482212E-02,1.339369E+03,7.383270E+02,7.614328E-02,5.174493E-02
12:00:00,1.667226E+03,1.811220E+03,1.074193E-01,1.269406E-01,3.486847E+02,3.469956E+02,1.982532E-02,2.431899E-02,1.339369E+03,7.290884E+02,7.614328E-02,5.109747E-02
12:10:00,1.667226E+03,1.820816E+03,1.074193E-01,1.276137E-01,3.486847E+02,3.401159E+02,1.982532E-02,2.383683E-02,1.339369E+03,7.203155E+02,7.614329E-02,5.048263E-02
12:20:00,1.667226E+03,1.830727E+03,1.074193E-01,1.283084E-01,3.486847E+02,3.338091E+02,1.982532E-02,2.339482E-02,1.339369E+03,7.125372E+02,7.614329E-02,4.993751E-02
12:30:00,1.667226E+03,1.841241E+03,1.074193E-01,1.290453E-01,3.486847E+02,3.282307E+02,1.982532E-02,2.300386E-02,1.339369E+03,7.060405E+02,7.614329E-02,4.948219E-02
12:40:00,1.667226E+03,1.852293E+03,1.074193E-01,1.298199E-01,3.486847E+02,3.233977E+02,1.982532E-02,2.266514E-02,1.339369E+03,7.008308E+02,7.614329E-02,4.911708E-02
12:50:00,1.667226E+03,1.863656E+03,1.074193E-01,1.306163E-01,3.486847E+02,3.192603E+02,1.982532E-02,2.237517E-02,1.339369E+03,6.967976E+02,7.614329E-02,4.883441E-02
13:00:00,1.667226E+03,1.874972E+03,1.074193E-01,1.314094E-01,3.486847E+02,3.157112E+02,1.982532E-02,2.212644E-02,1.339369E+03,6.937215E+02,7.614329E-02,4.861882E-02
13:10:00,1.667226E+03,1.885680E+03,1.074193E-01,1.321600E-01,3.486847E+02,3.125903E+02,1.982533E-02,2.190770E-02,1.339369E+03,6.912731E+02,7.614329E-02,4.844722E-02
13:20:00,1.667226E+03,1.895240E+03,1.074193E-01,1.328300E-01,3.486847E+02,3.097163E+02,1.982533E-02,2.170628E-02,1.339369E+03,6.891004E+02,7.614329E-02,4.829495E-02
13:30:00,1.667226E+03,1.903296E+03,1.074193E-01,1.333946E-01,3.486847E+02,3.069763E+02,1.982533E-02,2.151425E-02,1.339369E+03,6.869916E+02,7.614329E-02,4.814716E-02
13:40:00,1.667226E+03,1.909713E+03,1.074193E-01,1.338443E-01,3.486847E+02,3.043324E+02,1.982533E-02,2.132895E-02,1.339369E+03,6.848962E+02,7.614329E-02,4.800029E-02
13:50:00,1.667226E+03,1.914369E+03,1.074193E-01,1.341707E-01,3.486847E+02,3.017551E+02,1.982533E-02,2.114832E-02,1.339369E+03,6.827755E+02,7.614330E-02,4.785167E-02
14:00:00,1.667226E+03,1.917156E+03,1.074193E-01,1.343660E-01,3.486847E+02,2.992204E+02,1.982533E-02,2.097068E-02,1.339369E+03,6.805982E+02,7.614330E-02,4.769908E-02
14:10:00,1.667226E+03,1.917840E+03,1.074193E-01,1.344140E-01,3.486847E+02,2.966770E+02,1.982533E-02,2.079243E-02,1.339369E+03,6.782246E+02,7.614330E-02,4.753272E-02
14:20:00,1.667226E+03,1.916339E+03,1.074193E-01,1.343088E-01,3.486847E+02,2.941084E+02,1.982533E-02,2.061241E-02,1.339369E+03,6.756376E+02,7.614330E-02,4.735142E-02
14:30:00,1.667226E+03,1.912575E+03,1.074193E-01,1.340450E-01,3.486847E+02,2.914936E+02,1.982533E-02,2.042915E-02,1.339369E+03,6.728054E+02,7.614330E-02,4.715293E-02
14:40:00,1.667226E+03,1.906632E+03,1.074193E-01,1.336284E-01,3.486848E+02,2.887377E+02,1.982533E-02,2.023601E-02,1.339369E+03,6.693411E+02,7.614330E-02,4.691013E-02
14:50:00,1.667226E+03,1.898312E+03,1.074193E-01,1.330453E-01,3.486848E+02,2.858807E+02,1.982533E-02,2.003578E-02,1.339369E+03,6.654796E+02,7.614330E-02,4.663951E-02
15:00:00,1.667226E+03,1.887545E+03,1.074193E-01,1.322907E-01,3.486848E+02,2.829186E+02,1.982533E-02,1.982818E-02,1.339369E+03,6.612335E+02,7.614330E-02,4.634193E-02
15:10:00,1.667226E+03,1.874258E+03,1.074193E-01,1.313594E-01,3.486848E+02,2.798678E+02,1.982533E-02,1.961437E-02,1.339369E+03,6.565894E+02,7.614330E-02,4.601645E-02
15:20:00,1.667227E+03,1.858453E+03,1.074193E-01,1.302517E-01,3.486848E+02,2.767320E+02,1.982533E-02,1.939460E-02,1.339369E+03,6.515468E+02,7.614330E-02,4.566305E-02
15:30:00,1.667227E+03,1.840154E+03,1.074193E-01,1.289692E-01,3.486848E+02,2.735104E+02,1.982533E-02,1.916881E-02,1.339369E+03,6.461018E+02,7.614330E-02,4.528145E-02
15:40:00,1.667227E+03,1.819264E+03,1.074193E-01,1.275051E-01,3.486848E+02,2.702811E+02,1.982533E-02,1.894249E-02,1.339369E+03,6.406057E+02,7.614331E-02,4.489626E-02
15:50:00,1.667227E+03,1.796028E+03,1.074193E-01,1.258766E-01,3.486848E+02,2.669877E+02,1.982533E-02,1.871168E-02,1.339369E+03,6.347911E+02,7.614331E-02,4.448875E-02
16:00:00,1.667227E+03,1.770622E+03,1.074193E-01,1.240960E-01,3.486848E+02,2.636185E+02,1.982533E-02,1.847555E-02,1.339369E+03,6.286130E+02,7.614331E-02,4.405577E-02
16:10:00,1.667227E+03,1.743606E+03,1.074193E-01,1.222025E-01,3.486848E+02,2.604681E+02,1.982533E-02,1.825475E-02,1.339369E+03,6.241405E+02,7.614331E-02,4.374232E-02
16:20:00,1.667227E+03,1.715236E+03,1.074193E-01,1.202142E-01,3.486848E+02,2.572803E+02,1.982533E-02,1.803134E-02,1.339369E+03,6.194603E+02,7.614331E-02,4.341431E-02
16:30:00,1.667227E+03,1.685827E+03,1.074193E-01,1.181531E-01,3.486848E+02,2.540472E+02,1.982533E-02,1.780475E-02,1.339369E+03,6.145408E+02,7.614331E-02,4.306953E-02
16:40:00,1.667227E+03,1.655734E+03,1.074193E-01,1.160439E-01,3.486848E+02,2.507629E+02,1.982533E-02,1.757457E-02,1.339369E+03,6.093592E+02,7.614331E-02,4.270639E-02
16:50:00,1.667227E+03,1.625338E+03,1.074193E-01,1.139136E-01,3.486848E+02,2.474228E+02,1.982533E-02,1.734048E-02,1.339369E+03,6.038956E+02,7.614331E-02,4.232348E-02
17:00:00,1.667227E+03,1.594623E+03,1.074193E-01,1.117609E-01,3.486848E+02,2.439370E+02,1.982533E-02,1.709618E-02,1.339369E+03,5.977423E+02,7.614331E-02,4.189223E-02
17:10:00,1.667227E+03,1.564160E+03,1.074193E-01,1.096259E-01,3.486848E+02,2.409403E+02,1.982533E-02,1.688616E-02,1.339369E+03,5.911010E+02,7.614331E-02,4.142678E-02
17:20:00,1.667227E+03,1.534300E+03,1.074193E-01,1.075331E-01,3.486848E+02,2.378483E+02,1.982533E-02,1.666946E-02,1.339369E+03,5.839904E+02,7.614331E-02,4.092844E-02
17:30:00,1.667227E+03,1.505359E+03,1.074193E-01,1.055047E-01,3.486848E+02,2.346508E+02,1.982533E-02,1.644538E-02,1.339369E+03,5.766940E+02,7.614331E-02,4.041709E-02
17:40:00,1.667227E+03,1.477341E+03,1.074193E-01,1.035411E-01,3.486848E+02,2.313455E+02,1.982533E-02,1.621375E-02,1.339369E+03,5.695175E+02,7.614331E-02,3.991413E-02
17:50:00,1.667227E+03,1.450143E+03,1.074193E-01,1.016348E-01,3.486848E+02,2.279329E+02,1.982533E-02,1.597461E-02,1.339369E+03,5.627382E+02,7.614331E-02,3.943901E-02
18:00:00,1.667227E+03,1.424001E+03,1.074193E-01,9.980263E-02,3.486848E+02,2.245017E+02,1.982533E-02,1.573417E-02,1.339369E+03,5.570145E+02,7.614332E-02,3.903788E-02
18:10:00,1.667227E+03,1.398201E+03,1.074193E-01,9.799444E-02,3.486848E+02,2.207888E+02,1.982533E-02,1.547399E-02,1.339369E+03,5.522960E+02,7.614332E-02,3.870719E-02
18:20:00,1.667227E+03,1.372466E+03,1.074193E-01,9.619075E-02,3.486848E+02,2.169613E+02,1.982533E-02,1.520578E-02,1.339369E+03,5.486338E+02,7.614332E-02,3.845052E-02
18:30:00,1.667227E+03,1.346476E+03,1.074193E-01,9.436923E-02,3.486848E+02,2.130272E+02,1.982533E-02,1.493009E-02,1.339369E+03,5.458738E+02,7.614332E-02,3.825709E-02
18:40:00,1.667227E+03,1.245223E+03,1.074193E-01,8.727278E-02,3.486848E+02,1.945068E+02,1.982533E-02,1.363211E-02,1.339369E+03,5.437827E+02,7.614332E-02,3.811053E-02
18:50:00,1.667227E+03,1.135422E+03,1.074193E-01,7.957728E-02,3.486848E+02,1.743077E+02,1.982533E-02,1.221646E-02,1.339369E+03,5.420915E+02,7.614332E-02,3.799200E-02
19:00:00,1.667227E+03,1.017039E+03,1.074193E-01,7.128014E-02,3.486848E+02,1.524285E+02,1.982533E-02,1.068305E-02,1.339369E+03,5.404911E+02,7.614332E-02,3.787984E-02
19:10:00,1.667227E+03,8.929901E+02,1.074193E-01,6.258577E-02,3.486848E+02,1.290065E+02,1.982533E-02,9.041498E-03,1.339369E+03,5.390542E+02,7.614332E-02,3.777913E-02
19:20:00,1.667227E+03,7.632245E+02,1.074193E-01,5.349073E-02,3.486848E+02,1.044526E+02,1.982533E-02,7.320615E-03,1.339369E+03,5.375097E+02,7.614332E-02,3.767088E-02
19:30:00,1.667227E+03,6.277006E+02,1.074193E-01,4.399217E-02,3.486848E+02,7.876363E+01,1.982533E-02,5.520178E-03,1.339369E+03,5.354742E+02,7.614332E-02,3.752822E-02
19:40:00,1.667227E+03,5.613086E+02,1.074193E-01,3.933883E-02,3.486848E+02,6.641679E+01,1.982533E-02,4.654830E-03,1.339369E+03,5.325766E+02,7.614332E-02,3.732515E-02
19:50:00,1.667227E+03,4.972482E+02,1.074193E-01,3.484896E-02,3.486848E+02,5.449804E+01,1.982533E-02,3.819485E-03,1.339369E+03,5.284376E+02,7.614332E-02,3.703508E-02
20:00:00,1.667227E+03,4.354797E+02,1.074193E-01,3.051991E-02,3.486848E+02,4.300156E+01,1.982533E-02,3.013751E-03,1.339369E+03,5.226889E+02,7.614332E-02,3.663218E-02
20:10:00,1.667227E+03,3.747508E+02,1.074193E-01,2.626386E-02,3.486848E+02,4.875943E+01,1.982533E-02,3.417309E-03,1.339369E+03,5.129809E+02,7.614332E-02,3.595181E-02
20:20:00,1.667227E+03,3.201103E+02,1.074194E-01,2.243454E-02,3.486848E+02,5.533823E+01,1.982533E-02,3.878354E-03,1.339369E+03,5.003972E+02,7.614332E-02,3.506991E-02
20:30:00,1.667227E+03,2.720844E+02,1.074194E-01,1.906879E-02,3.486848E+02,6.276282E+01,1.982533E-02,4.398680E-03,1.339369E+03,4.850684E+02,7.614332E-02,3.399562E-02
20:40:00,1.667227E+03,2.307989E+02,1.074194E-01,1.617540E-02,3.486848E+02,7.161949E+01,1.982533E-02,5.019378E-03,1.339369E+03,4.668223E+02,7.614332E-02,3.271687E-02
20:50:00,1.667227E+03,1.958891E+02,1.074194E-01,1.372881E-02,3.486848E+02,8.188063E+01,1.982533E-02,5.738513E-03,1.339369E+03,4.459882E+02,7.614333E-02,3.125675E-02
21:00:00,1.667227E+03,1.663037E+02,1.074194E-01,1.165536E-02,3.486848E+02,9.341105E+01,1.982533E-02,6.546607E-03,1.339369E+03,4.240500E+02,7.614333E-02,2.971925E-02
21:10:00,1.667227E+03,1.391519E+02,1.074194E-01,9.752456E-03,3.486848E+02,9.564117E+01,1.982533E-02,6.702875E-03,1.339369E+03,3.736275E+02,7.614333E-02,2.618543E-02
21:20:00,1.667227E+03,1.082296E+02,1.074194E-01,7.585277E-03,3.486848E+02,9.813669E+01,1.982533E-02,6.877774E-03,1.339369E+03,3.233216E+02,7.614333E-02,2.265981E-02
21:30:00,1.667227E+03,7.846604E+01,1.074194E-01,5.499304E-03,3.486848E+02,1.009258E+02,1.982533E-02,7.073249E-03,1.339369E+03,2.732595E+02,7.614333E-02,1.915126E-02
21:40:00,1.667227E+03,5.227293E+01,1.074194E-01,3.663561E-03,3.486849E+02,1.034579E+02,1.982533E-02,7.250709E-03,1.339370E+03,2.240526E+02,7.614333E-02,1.570265E-02
21:50:00,1.667227E+03,3.005750E+01,1.074194E-01,2.106591E-03,3.486849E+02,1.057912E+02,1.982533E-02,7.414242E-03,1.339370E+03,1.758582E+02,7.614333E-02,1.232498E-02
22:00:00,1.667227E+03,1.291525E+01,1.074194E-01,9.051719E-04,3.486849E+02,1.080890E+02,1.982533E-02,7.575284E-03,1.339370E+03,1.277152E+02,7.614333E-02,8.950920E-03
22:10:00,1.667227E+03,2.498635E+00,1.074194E-01,1.751186E-04,3.486849E+02,1.029120E+02,1.982533E-02,7.212473E-03,1.339370E+03,9.779057E+01,7.614333E-02,6.853671E-03
22:20:00,1.667227E+03,0.000000E+00,1.074194E-01,0.000000E+00,3.486849E+02,9.788141E+01,1.982533E-02,6.859946E-03,1.339370E+03,7.135856E+01,7.614333E-02,5.001176E-03
22:30:00,1.667227E+03,0.000000E+00,1.074194E-01,0.000000E+00,3.486849E+02,9.296367E+01,1.982533E-02,6.515319E-03,1.339370E+03,4.845581E+01,7.614333E-02,3.396032E-03
22:40:00,1.667227E+03,0.000000E+00,1.074194E-01,0.000000E+00,3.486849E+02,8.813494E+01,1.982533E-02,6.176916E-03,1.339370E+03,2.897888E+01,7.614333E-02,2.030989E-03
22:50:00,1.667227E+03,0.000000E+00,1.074194E-01,0.000000E+00,3.486849E+02,8.337445E+01,1.982533E-02,5.843289E-03,1.339370E+03,1.285152E+01,7.614333E-02,9.007013E-04
23:00:00,1.667227E+03,0.000000E+00,1.074194E-01,0.000000E+00,3.486849E+02,7.866782E+01,1.982533E-02,5.513434E-03,1.339370E+03,0.000000E+00,7.614333E-02,0.000000E+00
23:10:00,1.667227E+03,0.000000E+00,1.074194E-01,0.000000E+00,3.486849E+02,7.421605E+01,1.982533E-02,5.201432E-03,1.339370E+03,0.000000E+00,7.614333E-02,0.000000E+00
23:20:00,1.667227E+03,0.000000E+00,1.074194E-01,0.000000E+00,3.486849E+02,6.976793E+01,1.982533E-02,4.889685E-03,1.339370E+03,0.000000E+00,7.614333E-02,0.000000E+00
23:30:00,1.667227E+03,0.000000E+00,1.074194E-01,0.000000E+00,3.486849E+02,6.531588E+01,1.982533E-02,4.577665E-03,1.339370E+03,0.000000E+00,7.614333E-02,0.000000E+00
23:40:00,1.667227E+03,0.000000E+00,1.074194E-01,0.000000E+00,3.486849E+02,6.086621E+01,1.982533E-02,4.265814E-03,1.339370E+03,0.000000E+00,7.614333E-02,0.000000E+00
23:50:00,1.667227E+03,0.000000E+00,1.074194E-01,0.000000E+00,3.486849E+02,5.641835E+01,1.982533E-02,3.954088E-03,1.339370E+03,0.000000E+00,7.614333E-02,0.000000E+00
24:00:00,1.667227E+03,0.000000E+00,1.074194E-01,0.000000E+00,3.486849E+02,5.197639E+01,1.982533E-02,3.642776E-03,1.339370E+03,0.000000E+00,7.614333E-02,0.000000E+00
Peak,1.667227E+03,1.917840E+03,1.074194E-01,1.344140E-01,3.486849E+02,3.908011E+02,1.982533E-02,2.738896E-02,1.339370E+03,7.714618E+02,7.614333E-02,5.406708E-02

Peak Vol Flow (m3/s),,,8.937586E-02,1.118361E-01,,,1.649522E-02,2.278836E-02,,,6.335335E-02,4.498529E-02
